/home/praxal/Pictures/Webcam/Neil/1.jpg;1
/home/praxal/Pictures/Webcam/Neil/2.jpg;1
/home/praxal/Pictures/Webcam/Neil/3.jpg;1
/home/praxal/Pictures/Webcam/Neil/4.jpg;1
/home/praxal/Pictures/Webcam/Neil/5.jpg;1
/home/praxal/Pictures/Webcam/Neil/6.jpg;1
/home/praxal/Pictures/Webcam/Praxal/1.jpg;2
/home/praxal/Pictures/Webcam/Praxal/2.jpg;2
/home/praxal/Pictures/Webcam/Praxal/3.jpg;2
/home/praxal/Pictures/Webcam/Praxal/4.jpg;2
/home/praxal/Pictures/Webcam/Praxal/5.jpg;2
/home/praxal/Pictures/Webcam/Praxal/6.jpg;2
/home/praxal/Pictures/Webcam/Praxal/7.jpg;2
/home/praxal/Pictures/Webcam/Praxal/8.jpg;2
/home/praxal/Pictures/Webcam/Praxal/9.jpg;2
/home/praxal/Pictures/Webcam/Praxal/10.jpg;2
/home/praxal/Pictures/Webcam/Praxal/11.jpg;2
/home/praxal/Pictures/Webcam/Praxal/12.jpg;2
/home/praxal/Pictures/Webcam/Praxal/13.jpg;2
/home/praxal/Pictures/Webcam/Praxal/14.jpg;2
/home/praxal/Pictures/Webcam/Praxal/15.jpg;2
/home/praxal/Pictures/Webcam/Praxal/16.jpg;2
/home/praxal/Pictures/Webcam/Nahit/1.jpg;3
/home/praxal/Pictures/Webcam/Nahit/2.jpg;3
/home/praxal/Pictures/Webcam/Nahit/3.jpg;3
/home/praxal/Pictures/Webcam/Nahit/4.jpg;3
/home/praxal/Pictures/Webcam/Nahit/5.jpg;3
/home/praxal/Pictures/Webcam/Nahit/6.jpg;3
/home/praxal/Pictures/Webcam/Nahit/7.jpg;3
/home/praxal/Pictures/Webcam/Nahit/8.jpg;3
/home/praxal/Pictures/Webcam/Nahit/9.jpg;3
/home/praxal/Pictures/Webcam/Nahit/10.jpg;3
/home/praxal/Pictures/Webcam/Nahit/11.jpg;3
/home/praxal/Pictures/Webcam/Nahit/12.jpg;3
/home/praxal/Pictures/Webcam/Nahit/13.jpg;3
